{
  "ambient": {
    "intensity": 0.1,
    "name": "ambient",
    "rgb": {
      "b": 1.0,
      "g": 1.0,
      "r": 1.0
    }
  },
  "camera": {
    "look_at": {
      "x": 2.0,
      "y": 0.0,
      "z": 0.5
    },
    "pos": {
      "x": -3.0,
      "y": 0.0,
      "z": 1.0
    },
    "up": {
      "x": 0,
      "y": 0,
      "z": 1
    },
    "vfov": 53.0
  },
  "material.0": {
    "shininess": 50,
    "ks": { "b": 0.0, "g": 0.0, "r": 0.0 },
    "kd": {
      "b": 1.0,
      "g": 1.0,
      "r": 1.0
    }
  },
  "material.1": {
    "shininess": 50,
    "ks": { "b": 0.5, "g": 0.5, "r": 0.5 },
    "kd": {
      "b": 1.0,
      "g": 1.0,
      "r": 1.0
    }
  },
  "material.2": {
    "shininess": 50,
    "ks": { "b": 0.0, "g": 0.0, "r": 0.0 },
    "kd": {
      "b": 0.0,
      "g": 0.0,
      "r": 1.0
    }
  },
  "material.3": {
    "shininess": 50,
    "ks": { "b": 0.0, "g": 0.0, "r": 0.0 },
    "kd": {
      "b": 0.0,
      "g": 1.0,
      "r": 0.0
    }
  },
  "material.4": {
    "shininess": 50,
    "ks": { "b": 0.0, "g": 0.0, "r": 0.0 },
    "kd": {
      "b": 1.0,
      "g": 0.0,
      "r": 0.0
    }
  },
  "material.5": {
    "checkered": true,
    "shininess": 50,
    "ks": { "b": 0.2, "g": 0.2, "r": 0.2 },
    "kd": {
      "b": 1,
      "g": 1,
      "r": 1
    }
  },
  "material.6": {
    "checkered": true,
    "shininess": 50,
    "ks": { "b": 0.5, "g": 0.5, "r": 0.5 },
    "kd": {
      "b": 0.33590269088745117,
      "g": 0.18379902839660645,
      "r": 0.2018418312072754
    }
  },
  "material.7": {
    "checkered": true,
    "shininess": 50,
    "ks": { "b": 0.22, "g": 0.22, "r": 0.22 },
    "kd": {
      "b": 0.0404973030090332,
      "g": 0.7394428253173828,
      "r": 0.3554424047470093
    }
  },
  "material.8": {
    "shininess": 50,
    "ks": { "b": 0.29, "g": 0.29, "r": 0.29 },
    "kd": {
      "b": 0.2092897891998291,
      "g": 0.7886487245559692,
      "r": 0.698433518409729
    }
  },
  "material.9": {
    "checkered": true,
    "shininess": 50,
    "ks": { "b": 0.29, "g": 0.29, "r": 0.29 },
    "kd": {
      "b": 0.6717931032180786,
      "g": 0.4294060468673706,
      "r": 0.10506224632263184
    }
  },
  "plane.0": {
    "material_id": 5,
    "normal": {
      "x": 0.0,
      "y": 0.0,
      "z": 1.0
    },
    "point": {
      "x": 0.0,
      "y": 0.0,
      "z": -1.0
    }
  },
  "plane.1": {
    "material_id": 0,
    "normal": {
      "x": 0.0,
      "y": 0.0,
      "z": -1.0
    },
    "point": {
      "x": 0.0,
      "y": 0.0,
      "z": 3.0
    }
  },
  "plane.2": {
    "material_id": 3,
    "normal": {
      "x": 0.0,
      "y": 1.0,
      "z": 0.0
    },
    "point": {
      "x": 0.0,
      "y": -3.0,
      "z": 0.0
    }
  },
  "plane.3": {
    "material_id": 2,
    "normal": {
      "x": 0.0,
      "y": -1.0,
      "z": 0.0
    },
    "point": {
      "x": 0.0,
      "y": 3.0,
      "z": 3.0
    }
  },
  "plane.4": {
    "material_id": 0,
    "normal": {
      "x": -1.0,
      "y": 0.0,
      "z": 0.0
    },
    "point": {
      "x": 4.5,
      "y": 0.0,
      "z": 0.0
    }
  },
  "resolution": [
    400,
    400
  ],
  "sphere.0": {
    "center": {
      "x": 3.5,
      "y": 0,
      "z": -0.5
    },
    "material_id": 1,
    "radius": 1.2 
  },
  "sphere.1": {
    "center": {
      "x": 4.844838880647144,
      "y": 1.8582611975689645,
      "z": 0.24515162157242454
    },
    "material_id": 8,
    "radius": 0.37734205882536287
  },
  "sphere.10": {
    "center": {
      "x": 4.662859785959088,
      "y": -0.35890228229450916,
      "z": -0.7470502997009607
    },
    "material_id": 3,
    "radius": 0.3627560796984175
  },
  "sphere.11": {
    "center": {
      "x": 4.862508205942677,
      "y": 0.5381897234524873,
      "z": 1.1845009084337796
    },
    "material_id": 6,
    "radius": 0.2601975996340014
  },
  "sphere.12": {
    "center": {
      "x": 3.9437813032136475,
      "y": -1.9927945072633948,
      "z": -0.48332607808800354
    },
    "material_id": 5,
    "radius": 0.2942317003117214
  },
  "sphere.13": {
    "center": {
      "x": 3.708024650125274,
      "y": -1.642725917740342,
      "z": -0.9869966886038597
    },
    "material_id": 6,
    "radius": 0.3116709287840649
  },
  "sphere.14": {
    "center": {
      "x": 2.2373643571598465,
      "y": 0.03673766788159227,
      "z": 0.5343677402276601
    },
    "material_id": 3,
    "radius": 0.2775456235880906
  },
  "sphere.15": {
    "center": {
      "x": 3.299735947799289,
      "y": 0.7560327339792927,
      "z": -0.9278420694131384
    },
    "material_id": 0,
    "radius": 0.2805567088659025
  },
  "sphere.16": {
    "center": {
      "x": 4.51428503915335,
      "y": -1.020840901553397,
      "z": 1.0806778092522986
    },
    "material_id": 3,
    "radius": 0.36218101963653465
  },
  "sphere.17": {
    "center": {
      "x": 4.581159136629498,
      "y": 1.9899251790795631,
      "z": 0.06085416811852884
    },
    "material_id": 4,
    "radius": 0.232284610366705
  },
  "sphere.18": {
    "center": {
      "x": 4.5195180626090705,
      "y": 0.8937132175641942,
      "z": 0.3810105479925321
    },
    "material_id": 6,
    "radius": 0.37423555949914866
  },
  "sphere.19": {
    "center": {
      "x": 4.076274366594255,
      "y": 1.9557923744736563,
      "z": -1.4723127908199567
    },
    "material_id": 3,
    "radius": 0.3581339607698618
  },
  "sphere.2": {
    "center": {
      "x": 2.9924554815717963,
      "y": -0.33105980486622766,
      "z": 0.042481311961133805
    },
    "material_id": 2,
    "radius": 0.31942083173822433
  },
  "sphere.20": {
    "center": {
      "x": 4.109761130134636,
      "y": 0.3973817678321101,
      "z": -1.1570462786256757
    },
    "material_id": 1,
    "radius": 0.25544941539523597
  },
  "sphere.21": {
    "center": {
      "x": 3.5086936475419135,
      "y": 0.19803106165775652,
      "z": -0.6922856672198456
    },
    "material_id": 4,
    "radius": 0.30477956338234685
  },
  "sphere.22": {
    "center": {
      "x": 3.489459803194319,
      "y": -0.7953669378678159,
      "z": 1.3980943218245168
    },
    "material_id": 5,
    "radius": 0.3689302037696378
  },
  "sphere.23": {
    "center": {
      "x": 3.2257135146570177,
      "y": -1.8194761427704398,
      "z": 0.7969218513219349
    },
    "material_id": 8,
    "radius": 0.32469321657554817
  },
  "sphere.24": {
    "center": {
      "x": 4.602411264956215,
      "y": 0.7158460766161214,
      "z": -0.9931057366035967
    },
    "material_id": 0,
    "radius": 0.2990351170265721
  },
  "sphere.25": {
    "center": {
      "x": 2.392486164453686,
      "y": 1.9999194108127494,
      "z": 0.8077157795196106
    },
    "material_id": 4,
    "radius": 0.23279624254380968
  },
  "sphere.26": {
    "center": {
      "x": 2.3644601843936073,
      "y": -0.2948676472301841,
      "z": 0.8176791235760881
    },
    "material_id": 2,
    "radius": 0.2363640423536127
  },
  "sphere.27": {
    "center": {
      "x": 2.7624177784170985,
      "y": -0.400565458289039,
      "z": 1.6079544696303794
    },
    "material_id": 1,
    "radius": 0.3554883431344311
  },
  "sphere.28": {
    "center": {
      "x": 3.3948833607575235,
      "y": -0.7112267326710855,
      "z": -1.879852324426201
    },
    "material_id": 4,
    "radius": 0.3286210069605665
  },
  "sphere.29": {
    "center": {
      "x": 4.361677620459094,
      "y": -0.8200811642992782,
      "z": -0.3583394000794602
    },
    "material_id": 6,
    "radius": 0.22402414018745237
  },
  "sphere.3": {
    "center": {
      "x": 3.8619642570524104,
      "y": 0.12750091438774103,
      "z": 1.697441544659541
    },
    "material_id": 6,
    "radius": 0.21358790224901472
  },
  "sphere.30": {
    "center": {
      "x": 4.0252304975275,
      "y": -0.1706530824289736,
      "z": -1.3440554263492315
    },
    "material_id": 5,
    "radius": 0.22063603335026125
  },
  "sphere.31": {
    "center": {
      "x": 3.4665200870230164,
      "y": -0.939470501348052,